{"off": [476793.714354, 5429101.233991, 261.753750], "count": 27841, "order_max": 7}
