{"off": [476773.788769, 5429147.191935, 249.971500], "count": 31224, "order_max": 8}
